{"cameraMode":{"drawMode":0,"name":"Shaded","section":"Shading Mode"},"sceneLighting":true,"audioPlay":false,"sceneViewState":{"showFog":true,"showMaterialUpdate":false,"showSkybox":true,"showFlares":true,"showImageEffects":true,"showParticleSystems":true},"in2DMode":false,"pivot":{"x":14.95466423034668,"y":1.7475227117538453,"z":-4.526763439178467},"rotation":{"x":0.06557993590831757,"y":0.7496435642242432,"z":-0.07505913078784943,"w":0.6543501019477844},"size":0.5016204714775086,"orthographic":false}