{"cameraMode":{"drawMode":0,"name":"Shaded","section":"Shading Mode"},"sceneLighting":false,"audioPlay":false,"sceneViewState":{"showFog":true,"showMaterialUpdate":false,"showSkybox":true,"showFlares":true,"showImageEffects":true,"showParticleSystems":true},"in2DMode":false,"pivot":{"x":-5.289999961853027,"y":-2.569999933242798,"z":-16.31226921081543},"rotation":{"x":-0.0001212377319461666,"y":0.9127625823020935,"z":-0.0003122598573099822,"w":-0.40856409072875979},"size":2.8578836917877199,"orthographic":false}