{"cameraMode":{"drawMode":0,"name":"Shaded","section":"Shading Mode"},"sceneLighting":false,"audioPlay":false,"sceneViewState":{"showFog":true,"showMaterialUpdate":false,"showSkybox":true,"showFlares":true,"showImageEffects":true,"showParticleSystems":true},"in2DMode":false,"pivot":{"x":0.013826847076416016,"y":0.02372763864696026,"z":0.046753160655498508},"rotation":{"x":-0.006514883134514093,"y":0.6057050228118897,"z":0.004958673845976591,"w":0.795647144317627},"size":0.31270739436149599,"orthographic":false}